timestamp,keyword,item_id,title,url,image,price,currency,seller,seller_feedback_score,seller_feedback_pct,condition,category,buying_option,quantity_available,shipping_cost,shipping_type,listing_end,watchers,error
2026-05-26T13:12:40.027979,book,v1|377211650573|645610732142,Cozy Reading Nook Art Print Rustic Still Life Books Home Scene,https://www.ebay.com/itm/377211650573?_skw=book&hash=item57d391020d:g:BZ8AAeSwZLVqFTyL,https://i.ebayimg.com/images/g/BZ8AAeSwZLVqFTyL/s-l225.jpg,11.76,USD,asaoas,39,100.0,New,Posters & Prints,FIXED_PRICE,,0.00,,,,
2026-05-26T13:12:40.027979,book,v1|168396794697|0,16 hardcover book set - Left Behind complete series,https://www.ebay.com/itm/168396794697?_skw=book&hash=item27353b2b49:g:PesAAeSwWi9qEcRs,https://i.ebayimg.com/images/g/PesAAeSwWi9qEcRs/s-l225.jpg,149.95,USD,scoundral,9526,99.8,Very Good,Books,FIXED_PRICE|BEST_OFFER,,0,,,,
2026-05-26T13:12:40.027979,book,v1|157942586949|0,Anti Fascist Library Book Lover Protest Style Metal Sign Plaque,https://www.ebay.com/itm/157942586949?_skw=book&hash=item24c61c9e45:g:9AkAAeSwn8tqFTlI,https://i.ebayimg.com/images/g/9AkAAeSwn8tqFTlI/s-l225.jpg,10.99,USD,abde5-59,47,100.0,New,Plaques & Signs,FIXED_PRICE,,0.99,,,,
2026-05-26T13:12:40.027979,book,v1|168396783943|0,"20 VHS Disney Black Diamond set - Bambi, Jungle Book, Pinocchio, Sleeping Beauty",https://www.ebay.com/itm/168396783943?_skw=book&hash=item27353b0147:g:NAkAAeSwCy1qEcKr,https://i.ebayimg.com/images/g/NAkAAeSwCy1qEcKr/s-l225.jpg,49.95,USD,scoundral,9526,99.8,Very Good,VHS Tapes,FIXED_PRICE|BEST_OFFER,,0,,,,
2026-05-26T13:12:40.027979,book,v1|306963293991|0,Three Weeks in October by Yael Dayan Paperback Israel Paperback Vintage 1979,https://www.ebay.com/itm/306963293991?_skw=book&hash=item4778702727:g:19gAAOSwP5Nnn4Bv,https://i.ebayimg.com/images/g/19gAAOSwP5Nnn4Bv/s-l225.jpg,29.22,USD,ramarbooks,403,100.0,Good,Books,FIXED_PRICE|BEST_OFFER,,0.00,,,,
2026-05-26T13:12:40.027979,book,v1|287354589018|0,The Florida Bar Exam Review 2019 Paula’s Books Spiral Bound,https://www.ebay.com/itm/287354589018?_skw=book&hash=item42e7ab0f5a:g:5~IAAeSwrclqFZtu,https://i.ebayimg.com/images/g/5~IAAeSwrclqFZtu/s-l225.jpg,89.00,USD,sunnystatepickers,4581,100.0,Acceptable,Study Guides & Test Prep,FIXED_PRICE|BEST_OFFER,,0,,,,
2026-05-26T13:12:40.027979,book,v1|377212302411|0,"Curious George, six books, paperback",https://www.ebay.com/itm/377212302411?_skw=book&hash=item57d39af44b:g:54cAAeSwdkBqFZsC,https://i.ebayimg.com/images/g/54cAAeSwdkBqFZsC/s-l225.jpg,12.00,USD,eastla_42,392,100.0,Very Good,Books,FIXED_PRICE|BEST_OFFER,,5.22,,,,
2026-05-26T13:12:40.027979,book,v1|227359240011|0,Rainbows End Rex beach 1916 Harper and brothers￼ abh,https://www.ebay.com/itm/227359240011?_skw=book&hash=item34efaaaf4b:g:B4UAAOSwkU5jSBOw,https://i.ebayimg.com/images/g/B4UAAOSwkU5jSBOw/s-l225.jpg,10.46,USD,click-itz,4055,100.0,Acceptable,Books,FIXED_PRICE|BEST_OFFER,,0,,,,
2026-05-26T13:12:40.027979,book,v1|227359240051|0,Rare Book 📕 El Museo Maritimo De Barcelona Jose Hidalgo Spanish Boating 🛶 abw,https://www.ebay.com/itm/227359240051?_skw=book&hash=item34efaaaf73:g:JMMAAeSwJ71n7GFk,https://i.ebayimg.com/images/g/JMMAAeSwJ71n7GFk/s-l225.jpg,14.15,USD,click-itz,4055,100.0,Very Good,Books,FIXED_PRICE,,0,,,,
2026-05-26T13:12:40.027979,book,v1|227359240057|0,"Prey by Michael Crichton (2002, Hardcover) First Edition abrs",https://www.ebay.com/itm/227359240057?_skw=book&hash=item34efaaaf79:g:zDoAAeSw7nhpb8Vk,https://i.ebayimg.com/images/g/zDoAAeSw7nhpb8Vk/s-l225.jpg,11.75,USD,click-itz,4055,100.0,Like New,Books,FIXED_PRICE,,0,,,,
2026-05-26T13:12:40.027979,book,v1|227359240085|0,Rare 1982 1st Edition Novel Up North Bettz Burr 2934,https://www.ebay.com/itm/227359240085?_skw=book&hash=item34efaaaf95:g:iqUAAeSwpbxp0ncT,https://i.ebayimg.com/images/g/iqUAAeSwpbxp0ncT/s-l225.jpg,16.92,USD,click-itz,4055,100.0,Good,Books,FIXED_PRICE,,0,,,,
2026-05-26T13:12:40.027979,book,v1|227359239923|0,"Road Less Traveled by Peck, M. Scott 1978 Simon& Schuster PB ab5",https://www.ebay.com/itm/227359239923?_skw=book&hash=item34efaaaef3:g:wsUAAOSwT0lma0qC,https://i.ebayimg.com/images/g/wsUAAOSwT0lma0qC/s-l225.jpg,4.25,USD,click-itz,4055,100.0,Good,Books,FIXED_PRICE|BEST_OFFER,,0,,,,
2026-05-26T13:12:40.027979,book,v1|227359239939|0,Quest For The Unknown Exploration 📕 xlib Roy Pinney abb,https://www.ebay.com/itm/227359239939?_skw=book&hash=item34efaaaf03:g:L4MAAeSwueppB2Wo,https://i.ebayimg.com/images/g/L4MAAeSwueppB2Wo/s-l225.jpg,10.02,USD,click-itz,4055,100.0,Good,Books,FIXED_PRICE,,0,,,,
2026-05-26T13:12:40.027979,book,v1|227359239996|0,ROGUE RUNNING~by MAURICE PROCTER~1966 BK~1st EDITION W/DUST COVER abg,https://www.ebay.com/itm/227359239996?_skw=book&hash=item34efaaaf3c:g:VtEAAOSwgGNk24pS,https://i.ebayimg.com/images/g/VtEAAOSwgGNk24pS/s-l225.jpg,10.15,USD,click-itz,4055,100.0,Good,Books,FIXED_PRICE|BEST_OFFER,,0,,,,
2026-05-26T13:12:40.027979,book,v1|178166975051|0,Reinventing Bach by Paul Elie - music book in hardback,https://www.ebay.com/itm/178166975051?_skw=book&hash=item297b944a4b:g:gf0AAOSw7EVn8QBG,https://i.ebayimg.com/images/g/gf0AAOSw7EVn8QBG/s-l225.jpg,5.39,USD,suffolk-music,333,100.0,,Antiquarian & Collectable,FIXED_PRICE|BEST_OFFER,,,,,,
2026-05-26T13:12:40.027979,book,v1|377212302229|0,Masculinities in Politics and War Gendering Modern History Dudink Paperback,https://www.ebay.com/itm/377212302229?_skw=book&hash=item57d39af395:g:X2IAAeSwPpJpKIOY,https://i.ebayimg.com/images/g/X2IAAeSwPpJpKIOY/s-l225.jpg,25.00,USD,amanda_blais,268,100.0,Good,Books,FIXED_PRICE|BEST_OFFER,,0,,,,
2026-05-26T13:12:40.027979,book,v1|157943410511|0,Paintings by Hartvig Egeberg Holdensen Paperback Book,https://www.ebay.com/itm/157943410511?_skw=book&hash=item24c6292f4f:i:157943410511,,38.49,USD,the_nile,1272548,99.2,Brand new,Books,FIXED_PRICE,,15.23,,,,
2026-05-26T13:12:40.027979,book,v1|358601257098|0,BJU Heritage Studies 4 Textbook Student Book 3rd Edition,https://www.ebay.com/itm/358601257098?_skw=book&hash=item537e4cf08a:g:KdMAAeSweM1pVrHV,https://i.ebayimg.com/images/g/KdMAAeSweM1pVrHV/s-l225.jpg,13.00,USD,thriftybell,259,100.0,Good,Study Guides & Test Prep,FIXED_PRICE|BEST_OFFER,,0,,,,
2026-05-26T13:12:40.027979,book,v1|198381545146|0,"Gone to Ground by Bronwyn Hall, Paperback Book, 2022",https://www.ebay.com/itm/198381545146?_skw=book&hash=item2e307626ba:g:284AAeSw44Vo0OnR,https://i.ebayimg.com/images/g/284AAeSw44Vo0OnR/s-l225.jpg,14.27,USD,wfocollective1,1113,100.0,Good,Books,FIXED_PRICE|BEST_OFFER,,56.67,,,,
2026-05-26T13:12:40.027979,book,v1|117216115843|0,7. príručka mladých svišťov  |  Walt Disney,https://www.ebay.com/itm/117216115843?_skw=book&hash=item1b4a9ffc83:g:tooAAeSwCbZqFZtj,https://i.ebayimg.com/images/g/tooAAeSwCbZqFZtj/s-l225.jpg,18.05,USD,bookbot_eu,29596,99.9,Akzeptabel,Bücher,FIXED_PRICE,,,,,,
2026-05-26T13:12:40.027979,book,v1|168404613322|0,VTG Lot Black Stallion 10 Walter Farley/Phantom Stallion & Misty Chincoteague,https://www.ebay.com/itm/168404613322?_skw=book&hash=item2735b278ca:g:QCYAAeSwbRBofS-b,https://i.ebayimg.com/images/g/QCYAAeSwbRBofS-b/s-l225.jpg,22.00,USD,nortoncreektreasures,1276,100.0,Good,Books,FIXED_PRICE,,0,,,,
2026-05-26T13:12:40.027979,book,v1|267681233553|0,Jeff Kinney Diary of a Wimpy Kid #4 Dog Days Hardcover Illustrated 2009,https://www.ebay.com/itm/267681233553?_skw=book&hash=item3e530b7a91:g:pPIAAeSw~RxqFZtO,https://i.ebayimg.com/images/g/pPIAAeSw~RxqFZtO/s-l225.jpg,10.00,USD,annabel24,14,0.0,Like New,Books,FIXED_PRICE|BEST_OFFER,,0,,,,
2026-05-26T13:12:40.027979,book,v1|336602827710|0,1990 CMC Collect-A-Books Roberto Clemente HOF 0u2j,https://www.ebay.com/itm/336602827710?_skw=book&hash=item4e5f178bbe:i:336602827710,,3.69,USD,comc_consignment,1446516,99.5,Ungraded,Trading Card Singles,FIXED_PRICE,,4.99,,,,
2026-05-26T13:12:40.027979,book,v1|336602827722|0,Declaration 1776 : The Big Bang Of Modern Democracy-New,https://www.ebay.com/itm/336602827722?_skw=book&hash=item4e5f178bca:g:rdgAAeSwmc1qFZre,https://i.ebayimg.com/images/g/rdgAAeSwmc1qFZre/s-l225.jpg,95.00,USD,watchandwind,1347,99.8,Brand New,Books,FIXED_PRICE|BEST_OFFER,,0.00,,,,
2026-05-26T13:12:40.027979,book,v1|306963502766|0,"Death Note, Vol. 1  |  Tsugumi Ōba",https://www.ebay.com/itm/306963502766?_skw=book&hash=item47787356ae:g:OwsAAeSwXmlqFZtj,https://i.ebayimg.com/images/g/OwsAAeSwXmlqFZtj/s-l225.jpg,15.74,USD,bookbot_eu,29596,99.9,Gut,Bücher,FIXED_PRICE,,,,,,
2026-05-26T13:12:40.027979,book,v1|406952961182|0,Murtagh by Christopher Paolini CD 9780593823149,https://www.ebay.com/itm/406952961182?_skw=book&hash=item5ec049649e:i:406952961182,,45.33,USD,bookcurl,29291,99.8,New,Audio Books,FIXED_PRICE,,,,,,
2026-05-26T13:12:40.027979,book,v1|397991836870|0,"150 Pcs Inspirational Gifts Bulk: 50 Inspirational Pens, 50 Motivational Note...",https://www.ebay.com/itm/397991836870?_skw=book&hash=item5caa297cc6:i:397991836870,,46.79,USD,minmasa8,454,100.0,New,Note Pads,FIXED_PRICE,,0.00,,,,
2026-05-26T13:12:40.027979,book,v1|397991836916|0,20 Pcs Men's Bible Cover Kit Leather Carrying Book Cases Large Bible Bag with...,https://www.ebay.com/itm/397991836916?_skw=book&hash=item5caa297cf4:i:397991836916,,45.25,USD,ameamel3,663,99.7,New with tags,Bibles Covers & Accessories,FIXED_PRICE,,0.00,,,,
2026-05-26T13:12:40.027979,book,v1|397991836827|0,20 Pcs Christian Gifts Notebook Bulk Father's Day Religious Notepads with Mot...,https://www.ebay.com/itm/397991836827?_skw=book&hash=item5caa297c9b:i:397991836827,,46.79,USD,minmasa8,454,100.0,New,Note Pads,FIXED_PRICE,,0.00,,,,
2026-05-26T13:12:40.027979,book,v1|800073487742|0,Poppy Playtime Comic Book Art Print Singed By Jeff Delgado 11x17,https://www.ebay.com/itm/800073487742?_skw=book&hash=itemba4818957e:g:uZ4AAeSwPaJp93DG,https://i.ebayimg.com/images/g/uZ4AAeSwPaJp93DG/s-l225.jpg,14.95,USD,smalsta_0,224,100.0,Used,Wall Art & Posters,FIXED_PRICE,,0.00,,,,
2026-05-26T13:12:40.027979,book,v1|137347230059|0,Jonah by Carley Rutkowske Paperback Book,https://www.ebay.com/itm/137347230059?_skw=book&hash=item1ffa88696b:i:137347230059,,25.31,USD,the_nile,1272548,99.2,Brand new,Books,FIXED_PRICE,,19.27,,,,
2026-05-26T13:12:40.027979,book,v1|147332671422|0,"Paul Kratochvíl The Chinese Language Today, Features Of An Emerging Standard ",https://www.ebay.com/itm/147332671422?_skw=book&hash=item224db627be:g:5VoAAeSw4vpqFZok,https://i.ebayimg.com/images/g/5VoAAeSw4vpqFZok/s-l225.jpg,15.99,USD,happy2breading,2185,100.0,Very Good,Books,FIXED_PRICE|BEST_OFFER,,0,,,,
2026-05-26T13:12:40.027979,book,v1|236838609122|0,"Sean Penn: His Life and Times: The Authorized Biography, by Richard T. Kelly Pap",https://www.ebay.com/itm/236838609122?_skw=book&hash=item3724ae60e2:g:hF4AAeSwOhNqDiFg,https://i.ebayimg.com/images/g/hF4AAeSwOhNqDiFg/s-l225.jpg,12.00,USD,legosandlegacies,86,100.0,Very Good,Books,FIXED_PRICE|BEST_OFFER,,0,,,,
2026-05-26T13:12:40.027979,book,v1|257527884457|0,"CompleteHarry Potter Unabridged Audiobooks by J.K. Rowling, English Fantasy YA",https://www.ebay.com/itm/257527884457?_skw=book&hash=item3bf5dbaaa9:g:VcAAAeSwi69qFZqS,https://i.ebayimg.com/images/g/VcAAAeSwi69qFZqS/s-l225.jpg,60.00,USD,tristaterooted,15,100.0,Good,Books,FIXED_PRICE|AUCTION,,0,,2026-06-02T13:08:54.000Z,,
2026-05-26T13:12:40.027979,book,v1|147332671388|0,Becoming a Missionary: The Stories of 13 Missionaries on How They Got There by A,https://www.ebay.com/itm/147332671388?_skw=book&hash=item224db6279c:i:147332671388,,17.27,USD,the_nile,1272548,99.2,Brand new,Books,FIXED_PRICE,,17.33,,,,
2026-05-26T13:12:40.027979,book,v1|298355336028|0,RARE ABEKA Reading Program Grade Book Lot 17 Books,https://www.ebay.com/itm/298355336028?_skw=book&hash=item45775d235c:g:F94AAeSwRHNqFMGq,https://i.ebayimg.com/images/g/F94AAeSwRHNqFMGq/s-l225.jpg,40.00,USD,thrftshop,393,100.0,Very Good,Study Guides & Test Prep,FIXED_PRICE|BEST_OFFER,,0,,,,
2026-05-26T13:12:40.027979,book,v1|358601256185|0,Fourth Wing Holiday Edition & Iron Flame 1st Edition (sprayed edges) - Good Cond,https://www.ebay.com/itm/358601256185?_skw=book&hash=item537e4cecf9:g:mZ4AAeSwGgJqFZn5,https://i.ebayimg.com/images/g/mZ4AAeSwGgJqFZn5/s-l225.jpg,47.09,USD,meggyleigh,11,100.0,Good,Books,FIXED_PRICE,,25.35,,,,
2026-05-26T13:12:40.027979,book,v1|406952960624|0,The Art of Yoshi Yoshitani 100 Postcards by Yoshi Yoshitani 9780593581629,https://www.ebay.com/itm/406952960624?_skw=book&hash=item5ec0496270:i:406952960624,,24.55,USD,bookcurl,29291,99.8,,Antiquarian & Collectable,FIXED_PRICE,,,,,,
2026-05-26T13:12:40.027979,book,v1|117216115808|0,Stained Glass Suncatcher  Flower Window Hanging Decor for Home or Gifts,https://www.ebay.com/itm/117216115808?_skw=book&hash=item1b4a9ffc60:g:t6sAAeSwSeRqFZte,https://i.ebayimg.com/images/g/t6sAAeSwSeRqFZte/s-l225.jpg,25.59,USD,brand-spankin-new,27940,99.5,New,Suncatchers & Mobiles,FIXED_PRICE,,0.00,,,,
2026-05-26T13:12:40.027979,book,v1|157943410287|0,Christianity Came to Salem by Mr J. Barnabas (Tamil) Paperback Book,https://www.ebay.com/itm/157943410287?_skw=book&hash=item24c6292e6f:i:157943410287,,31.43,USD,the_nile,1272548,99.2,Brand new,Books,FIXED_PRICE,,20.91,,,,
2026-05-26T13:12:40.027979,book,v1|157943410291|0,Thor the Thunder Cat by Veralee Wiggins (English) Hardcover Book,https://www.ebay.com/itm/157943410291?_skw=book&hash=item24c6292e73:i:157943410291,,15.74,USD,the_nile,1272548,99.2,Brand new,Books,FIXED_PRICE,,0.00,,,,
2026-05-26T13:12:40.027979,book,v1|117216115790|0,"Tu le sais bien, le temps passe - Souvenirs, souvenirs 2  |  Catherine Nay",https://www.ebay.com/itm/117216115790?_skw=book&hash=item1b4a9ffc4e:g:QyUAAeSwJSpqFZtW,https://i.ebayimg.com/images/g/QyUAAeSwJSpqFZtW/s-l225.jpg,7.66,USD,bookbot_eu,29596,99.9,Gut,Bücher,FIXED_PRICE,,,,,,
2026-05-26T13:12:40.027979,book,v1|306963502344|0,Immanuel Kant  |  Friedrich Kaulbach,https://www.ebay.com/itm/306963502344?_skw=book&hash=item4778735508:g:4zYAAeSw7pFqFZtW,https://i.ebayimg.com/images/g/4zYAAeSw7pFqFZtW/s-l225.jpg,11.39,USD,bookbot_eu,29596,99.9,Gut,Bücher,FIXED_PRICE,,,,,,
2026-05-26T13:12:40.027979,book,v1|397991836122|0,"5 Pack 5 Colors, Hex Mesh Zipper Bag, Mesh File Bag Pouch, for Books A4 Docum...",https://www.ebay.com/itm/397991836122?_skw=book&hash=item5caa2979da:i:397991836122,,39.31,USD,mizuki001,355,98.9,New,Files & Supplies,FIXED_PRICE,,0.00,,,,
2026-05-26T13:12:40.027979,book,v1|157943410236|0,Sir Gawain and the Green Knight by Bernard O'Donoghue [Paperback],https://www.ebay.com/itm/157943410236?_skw=book&hash=item24c6292e3c:i:157943410236,,19.34,USD,globaldispatchusa,7823,93.6,Brand New,Books,FIXED_PRICE,,0.00,,,,
2026-05-26T13:12:40.027979,book,v1|397991835990|0,2021 Nissan Sentra Owners Manual Book Guide JG97G,https://www.ebay.com/itm/397991835990?_skw=book&hash=item5caa297956:i:397991835990,,25.65,USD,oemusedautoparts,89136,99.4,Used,Other Car Manuals,FIXED_PRICE,,0.00,,,,
2026-05-26T13:12:40.027979,book,v1|147332671196|0,The Fragrance of Christ - Volume 2: Stories of Ordinary People Striving for Extr,https://www.ebay.com/itm/147332671196?_skw=book&hash=item224db626dc:i:147332671196,,23.18,USD,the_nile,1272548,99.2,Brand new,Books,FIXED_PRICE,,15.09,,,,
2026-05-26T13:12:40.027979,book,v1|406952959983|0,The Coloring Book HARDBACK 9780578987194,https://www.ebay.com/itm/406952959983?_skw=book&hash=item5ec0495fef:i:406952959983,,31.59,USD,bookcurl,29291,99.8,New,Adult Learning & University,FIXED_PRICE,,,,,,
2026-05-26T13:12:40.027979,book,v1|336602827226|0,1990 CMC Collect-A-Books Lou Gehrig HOF 0u2j,https://www.ebay.com/itm/336602827226?_skw=book&hash=item4e5f1789da:g:TmgAAeSweqFqFZue,https://i.ebayimg.com/images/g/TmgAAeSweqFqFZue/s-l225.jpg,3.69,USD,comc_consignment,1446516,99.5,Ungraded,Trading Card Singles,FIXED_PRICE,,4.99,,,,
2026-05-26T13:12:40.027979,book,v1|147332671141|0,How to Serve by Metropolitan Youssef Paperback Book,https://www.ebay.com/itm/147332671141?_skw=book&hash=item224db626a5:i:147332671141,,20.15,USD,the_nile,1272548,99.2,Brand new,Books,FIXED_PRICE,,14.34,,,,
